old_name,new_name,status
023d6f6f-06ff-4628-b1f5-b79a616758d5.png,000001.jpg,Success
02d4a3d4-703d-4668-b606-3599165acda8.png,000002.jpg,Success
04e46894-6b2c-4d42-803e-2e08d6341009.png,000003.jpg,Success
0549007c-7a55-4619-b352-ba7a7d80e3a2.png,000004.jpg,Success
07cc5a50-d6fb-4713-ab78-8880291ec844.png,000005.jpg,Success
07d49fbe-0fe7-4b2f-909b-2bb92aa20e1d.png,000006.jpg,Success
09efb0d9-73e4-4d60-a79d-d3eaeb70f66d.png,000007.jpg,Success
0a089949-25b4-4d4b-9281-87a9e6bf7cc9.png,000008.jpg,Success
0a1ed2b4-da20-4603-add9-fe8779003ed4.png,000009.jpg,Success
0e0426a2-9e23-461d-85d9-843ceb71def1.png,000010.jpg,Success
13627418-6ad8-46c2-986e-9dd98e09128b.png,000011.jpg,Success
13780b22-bdfa-47d0-bef4-ce502f03bd4a.png,000012.jpg,Success
175d2d8f-a04e-4c69-a0be-12f70597ef0a.png,000013.jpg,Success
18679473-28cb-4a39-9227-ac6f03c58240.png,000014.jpg,Success
1a90a4ae-73fa-405d-814d-45a5c5ee239c.png,000015.jpg,Success
1ec3c22b-4844-46af-bff2-d5c908770b35.png,000016.jpg,Success
1f120d88-6a97-43e1-a8b0-b7222b43c011.png,000017.jpg,Success
2111de24-c9ef-407b-a806-efcd07b65b37.png,000018.jpg,Success
216edc1c-696e-473e-8897-fc63c7fef6a6.png,000019.jpg,Success
256500ce-5b10-4664-a470-e3288eacdbad.png,000020.jpg,Success
2632164a-634b-4a62-afb0-0b29b205f00f.png,000021.jpg,Success
2650987c-dbd4-42ed-8d92-00dd12ce2528.png,000022.jpg,Success
2c10031b-8307-4de5-ac91-357d74788a5e.png,000023.jpg,Success
2d154e98-61bc-4a55-a455-654a70d79a91.png,000024.jpg,Success
33b8c43e-0457-4d9e-a46c-2612bf096258.png,000025.jpg,Success
343e0bf1-224b-4464-8ad8-9eacfa2033b0.png,000026.jpg,Success
37960cd5-ffdd-4479-a422-0d9d92195e12.png,000027.jpg,Success
382e5c13-db1b-4a17-8a08-d2d650e525f4.png,000028.jpg,Success
386d48c8-df15-4fbc-b988-2b1374abc8cd.png,000029.jpg,Success
3909df8c-ed39-4931-87b4-2c5e2f8dba0c.png,000030.jpg,Success
390a5320-a9cb-4794-9cd9-dd5324036405.png,000031.jpg,Success
39c06b2c-2c15-4069-aa04-173add055434.png,000032.jpg,Success
3a0affbe-8eb4-4812-984d-7ee569157685.png,000033.jpg,Success
3a790c22-c23c-4c3b-bd6a-82d3c1011b25.png,000034.jpg,Success
3c4cc5ca-942f-4cb4-9814-4a343f4412e2.png,000035.jpg,Success
3caf0310-32c1-47d5-bc86-e8394dca845e.png,000036.jpg,Success
401087c2-941c-4117-b288-725de4f1d92f.png,000037.jpg,Success
404caede-c53d-4795-8ea8-2a79a03b5775.png,000038.jpg,Success
434dc26c-73ed-46ed-b82d-57472eb95cd9.png,000039.jpg,Success
441dfa2b-2b10-4277-97a8-e34a49640fb8.png,000040.jpg,Success
49a4f592-1de0-4a3e-b054-7c11fdce17cc.png,000041.jpg,Success
4ce3f8b6-5ce3-4ec1-9bad-dc8306eb1ef7.png,000042.jpg,Success
4ff1a399-335f-45e2-a827-83ceadd331cd.png,000043.jpg,Success
511d9dac-da0f-49b8-95f7-60cf227b3348.png,000044.jpg,Success
5486ecec-86c7-45a3-a569-3a1382639a40.png,000045.jpg,Success
55723c53-c162-45e3-8612-8d88c644e2ac.png,000046.jpg,Success
573d26e8-ae4d-4e99-ad08-a3ac7bb696d5.png,000047.jpg,Success
5b019aa2-d3a5-4300-aa5a-8a3a16650d02.png,000048.jpg,Success
5d11acfe-9698-4702-b68d-28949a277059.png,000049.jpg,Success
5f0c2198-5f20-4078-8953-690ee74956ef~2.png,000050.jpg,Success
5f0c2198-5f20-4078-8953-690ee74956ef~3.png,000051.jpg,Success
610ed080-daf1-460e-ac6e-6806d2061fe3.png,000052.jpg,Success
615e7780-cabc-4aab-a119-5c9e84bd524d.png,000053.jpg,Success
63de9126-5ff1-4058-809a-415fe8fe15c3.png,000054.jpg,Success
644fb188-07d9-4f78-b50d-dfa813a5fd66.png,000055.jpg,Success
6593430d-4fd2-405d-b963-9d54e404f7f3.png,000056.jpg,Success
65ee927f-6725-409c-a2b2-0df49f6fcb9c.png,000057.jpg,Success
6652fa54-ebdf-4430-acda-20199db5ae89.png,000058.jpg,Success
6690c24f-63a0-4821-babe-046903215805.png,000059.jpg,Success
67a9d4937bb3f854015c509e.webp,000060.jpg,Success
67be8763-f3e7-42ca-a24a-360ff81b58ad.png,000061.jpg,Success
67f51d17-e8b0-4a2f-b44f-578dabd67020.png,000062.jpg,Success
680c4d27-1f10-462b-9dfa-bc35c75c4f1c.png,000063.jpg,Success
6847a7da-9d9f-435d-9450-4abb195715a4.png,000064.jpg,Success
694f2d0c-32e9-4f5d-a32e-6952afe26b99.png,000065.jpg,Success
6995ebe2-3536-47b5-982e-2db995845932.png,000066.jpg,Success
6c7d8a78-94a4-4b60-a3b8-bb215453245d.png,000067.jpg,Success
70a1d7cf-2ad5-4842-991d-3cacf5288505.png,000068.jpg,Success
70cf7dbe-28ef-4e67-b326-1eb56f78b05d.png,000069.jpg,Success
7494ad00-923e-4b61-a02c-825e15ce37f2.png,000070.jpg,Success
7547cbde-293d-4a05-9c38-8540f3578132.png,000071.jpg,Success
75527304-2cf3-4236-9a4f-a270bd1dceb8.png,000072.jpg,Success
7590d72c-a405-411a-86e1-82c4a01c9e1b.png,000073.jpg,Success
764ff5ca-0bcb-4e34-a815-f9fdcc82d5ab.png,000074.jpg,Success
768081ad-6384-40ee-8431-f26e47aa0f89.png,000075.jpg,Success
78a3570b-7d53-414e-abe2-d01e5e702a3d.png,000076.jpg,Success
7a07127b-ecc7-4d57-bfed-327311525764.png,000077.jpg,Success
7a3a47bf-87e0-41d2-bd8b-d2030bf9f630.png,000078.jpg,Success
7bdbe87c-5b50-44f8-8228-db681ed055e8.png,000079.jpg,Success
80151fa8-f7c7-4c8d-b106-ffbf95f1bcd5~2.png,000080.jpg,Success
80c3c625-7fb6-49f7-b6ad-583ae441d7bf.png,000081.jpg,Success
81d093d9-4bea-4d1e-9c90-dae7e0301aeb.png,000082.jpg,Success
821a1011-4df9-4172-a999-0ea9eb5f8933.png,000083.jpg,Success
8257eaef-eaeb-45ec-a5a4-9088bfdc7050.png,000084.jpg,Success
83bfbbdd-eaaf-447d-ba70-adbfa5f5cc49.png,000085.jpg,Success
858103c8-6bd9-4fb0-b395-6bc7862c6138.png,000086.jpg,Success
897d1cb3-4d54-477b-a2a5-5171da80eada.png,000087.jpg,Success
89ce392c-1158-4940-b8ab-394304d13ada.png,000088.jpg,Success
8a3c00f9-1c5a-4d61-9fb6-3b1fcc2e49a3.png,000089.jpg,Success
8b3fe356-d8ea-4d7b-98d6-530a83add3d9.png,000090.jpg,Success
8c2a2931-183c-4f24-a9e8-7d4510794333.png,000091.jpg,Success
94638ccb-aa97-4efe-9347-32cfc1689a1e.png,000092.jpg,Success
96118977-3d3e-4339-a019-dec4cf23355f.png,000093.jpg,Success
96be4269-4b71-4fa2-8f47-b429427c6974.png,000094.jpg,Success
97488219-7a24-4f82-8083-892e1f06f56d.png,000095.jpg,Success
986ab0b5-31a2-4d29-9551-7de60445c92b.png,000096.jpg,Success
a008d840-5338-4460-9457-ef57916d0ab6.png,000097.jpg,Success
a0c7ddf4-bfd5-4f6b-a0c7-224f7b70db3d.png,000098.jpg,Success
a2f056be-5df5-4166-987b-03b7c9e61067.png,000099.jpg,Success
a4e32051-4c82-43dc-9786-26deede59b9f.png,000100.jpg,Success
a60087ee-d824-458c-ac3f-8d905bcf8703.png,000101.jpg,Success
a7562834-dc63-4bf2-9e16-089db9e60daf.png,000102.jpg,Success
a81ea8b5-6600-4435-a479-d930ea393756.png,000103.jpg,Success
aa27dcdc-dac5-4edc-b7c1-30df1e30d27c.png,000104.jpg,Success
aa7c97fc-ed93-4756-98c6-41f46c68f34d.png,000105.jpg,Success
ab169873-2b9b-43a2-8240-d18d5a6e2875.png,000106.jpg,Success
ad787b36-f9b0-48ce-afe0-3a9693a373df.png,000107.jpg,Success
adaa673e-69ad-4015-b052-0ede2ed1cc88.png,000108.jpg,Success
ade48518-1888-412e-bb31-03c2df4366d0.png,000109.jpg,Success
ae649a79-d1ce-4338-957b-057c307957e3.png,000110.jpg,Success
aef8a834-a44f-489d-84e4-6f3f9fd611db.png,000111.jpg,Success
afba333b-7979-4a2d-b0b8-fada1cf0c385.png,000112.jpg,Success
afd113f8-77e4-4446-a015-01e84461fa93.png,000113.jpg,Success
b0a0e6fb-1442-4488-ab37-78c4d12cac90~2.png,000114.jpg,Success
b0a0e6fb-1442-4488-ab37-78c4d12cac90~3.png,000115.jpg,Success
b0a0e6fb-1442-4488-ab37-78c4d12cac90~4.png,000116.jpg,Success
b0a0e6fb-1442-4488-ab37-78c4d12cac90~5.png,000117.jpg,Success
b0a0e6fb-1442-4488-ab37-78c4d12cac90~6.png,000118.jpg,Success
b21a2134-a110-4424-b71c-c01f6188d9ef.png,000119.jpg,Success
b254335d-8fe1-42d2-a503-f8de07ddb967.png,000120.jpg,Success
b5c95968-a92c-4685-8843-bf44f26099fb.png,000121.jpg,Success
b70c1ba2-8702-4281-ae96-7698855f057e.png,000122.jpg,Success
b749b6b4-20a4-481f-9354-aafde19f25f0.png,000123.jpg,Success
bb20f135-196b-40b2-9977-00900b71fbf1.png,000124.jpg,Success
bb42afe6-8103-4129-8992-07f6c355e594.png,000125.jpg,Success
be368c54-d6c7-4c50-baa6-b56870bcf318.png,000126.jpg,Success
beb4afe2-5c0a-4e36-b01b-1e513eff5fad.png,000127.jpg,Success
bfbff8fa-82f8-4650-ba58-e00c93d30827.png,000128.jpg,Success
c4c1a921-52bf-4b21-ab11-7f52037159a9.png,000129.jpg,Success
c69fd646-216e-45f6-934f-8ee7ce1b9356.png,000130.jpg,Success
cb5b1618-b3ca-4cbf-8e9f-8ce40294966e.png,000131.jpg,Success
cb900c76-c3bf-454a-be70-95418bd75366.png,000132.jpg,Success
cf46eff3-18e6-4600-816a-a48182927038.png,000133.jpg,Success
cf97a03a-14d0-4019-8ac2-3fac94ab61f0.png,000134.jpg,Success
cfc6ed9c-c4b0-4202-ac8a-f6a8009c67bb.png,000135.jpg,Success
"ChatGPT Image Jul 1, 2026, 10_45_14 PM.png",000136.jpg,Success
"ChatGPT Image Jul 1, 2026, 10_45_23 PM.png",000137.jpg,Success
"ChatGPT Image Jul 1, 2026, 10_46_30 PM.png",000138.jpg,Success
"ChatGPT Image Jul 1, 2026, 10_49_08 PM.png",000139.jpg,Success
"ChatGPT Image Jul 1, 2026, 10_54_17 PM.png",000140.jpg,Success
"ChatGPT Image Jul 1, 2026, 11_16_04 PM.png",000141.jpg,Success
"ChatGPT Image Jul 2, 2026, 01_02_09 AM.png",000142.jpg,Success
"ChatGPT Image Jul 2, 2026, 01_11_19 PM.png",000143.jpg,Success
"ChatGPT Image Jul 2, 2026, 01_13_32 PM.png",000144.jpg,Success
"ChatGPT Image Jul 2, 2026, 01_15_06 PM.png",000145.jpg,Success
"ChatGPT Image Jul 2, 2026, 01_16_05 AM.png",000146.jpg,Success
"ChatGPT Image Jul 2, 2026, 01_16_47 PM.png",000147.jpg,Success
"ChatGPT Image Jul 2, 2026, 01_18_33 PM.png",000148.jpg,Success
"ChatGPT Image Jul 2, 2026, 01_18_52 AM.png",000149.jpg,Success
"ChatGPT Image Jul 2, 2026, 01_21_06 PM.png",000150.jpg,Success
"ChatGPT Image Jul 2, 2026, 01_22_59 AM.png",000151.jpg,Success
"ChatGPT Image Jul 2, 2026, 01_23_39 PM.png",000152.jpg,Success
"ChatGPT Image Jul 2, 2026, 01_26_08 AM.png",000153.jpg,Success
"ChatGPT Image Jul 2, 2026, 01_26_30 PM.png",000154.jpg,Success
"ChatGPT Image Jul 2, 2026, 01_26_40 PM.png",000155.jpg,Success
"ChatGPT Image Jul 2, 2026, 01_28_31 AM.png",000156.jpg,Success
"ChatGPT Image Jul 2, 2026, 01_28_35 PM.png",000157.jpg,Success
"ChatGPT Image Jul 2, 2026, 01_29_15 PM.png",000158.jpg,Success
"ChatGPT Image Jul 2, 2026, 01_31_29 PM.png",000159.jpg,Success
"ChatGPT Image Jul 2, 2026, 01_32_17 PM.png",000160.jpg,Success
"ChatGPT Image Jul 2, 2026, 01_32_33 AM.png",000161.jpg,Success
"ChatGPT Image Jul 2, 2026, 01_33_24 PM.png",000162.jpg,Success
"ChatGPT Image Jul 2, 2026, 01_33_56 PM.png",000163.jpg,Success
"ChatGPT Image Jul 2, 2026, 01_34_25 PM.png",000164.jpg,Success
"ChatGPT Image Jul 2, 2026, 01_35_40 PM.png",000165.jpg,Success
"ChatGPT Image Jul 2, 2026, 01_36_03 AM.png",000166.jpg,Success
"ChatGPT Image Jul 2, 2026, 01_36_13 PM.png",000167.jpg,Success
"ChatGPT Image Jul 2, 2026, 01_36_58 PM.png",000168.jpg,Success
"ChatGPT Image Jul 2, 2026, 01_37_31 PM.png",000169.jpg,Success
"ChatGPT Image Jul 2, 2026, 01_37_49 PM.png",000170.jpg,Success
"ChatGPT Image Jul 2, 2026, 01_38_22 PM.png",000171.jpg,Success
"ChatGPT Image Jul 2, 2026, 01_38_40 PM.png",000172.jpg,Success
"ChatGPT Image Jul 2, 2026, 01_39_36 PM.png",000173.jpg,Success
"ChatGPT Image Jul 2, 2026, 01_39_56 PM.png",000174.jpg,Success
"ChatGPT Image Jul 2, 2026, 01_41_39 PM.png",000175.jpg,Success
"ChatGPT Image Jul 2, 2026, 01_41_43 AM.png",000176.jpg,Success
"ChatGPT Image Jul 2, 2026, 01_42_11 PM.png",000177.jpg,Success
"ChatGPT Image Jul 2, 2026, 01_43_03 PM.png",000178.jpg,Success
"ChatGPT Image Jul 2, 2026, 01_43_17 PM.png",000179.jpg,Success
"ChatGPT Image Jul 2, 2026, 01_43_32 PM.png",000180.jpg,Success
"ChatGPT Image Jul 2, 2026, 01_44_19 PM.png",000181.jpg,Success
"ChatGPT Image Jul 2, 2026, 01_44_53 PM.png",000182.jpg,Success
"ChatGPT Image Jul 2, 2026, 01_45_01 AM.png",000183.jpg,Success
"ChatGPT Image Jul 2, 2026, 01_45_39 PM.png",000184.jpg,Success
"ChatGPT Image Jul 2, 2026, 01_45_54 PM.png",000185.jpg,Success
"ChatGPT Image Jul 2, 2026, 01_46_48 PM.png",000186.jpg,Success
"ChatGPT Image Jul 2, 2026, 01_47_03 PM.png",000187.jpg,Success
"ChatGPT Image Jul 2, 2026, 01_47_35 PM.png",000188.jpg,Success
"ChatGPT Image Jul 2, 2026, 01_49_37 PM.png",000189.jpg,Success
"ChatGPT Image Jul 2, 2026, 01_50_12 PM.png",000190.jpg,Success
"ChatGPT Image Jul 2, 2026, 01_50_26 PM.png",000191.jpg,Success
"ChatGPT Image Jul 2, 2026, 01_51_30 PM.png",000192.jpg,Success
"ChatGPT Image Jul 2, 2026, 01_51_50 PM.png",000193.jpg,Success
"ChatGPT Image Jul 2, 2026, 01_51_59 PM.png",000194.jpg,Success
"ChatGPT Image Jul 2, 2026, 01_54_02 PM.png",000195.jpg,Success
"ChatGPT Image Jul 2, 2026, 01_54_19 PM.png",000196.jpg,Success
"ChatGPT Image Jul 2, 2026, 01_54_29 PM.png",000197.jpg,Success
"ChatGPT Image Jul 2, 2026, 01_55_55 PM.png",000198.jpg,Success
"ChatGPT Image Jul 2, 2026, 01_56_03 PM.png",000199.jpg,Success
"ChatGPT Image Jul 2, 2026, 01_56_16 PM.png",000200.jpg,Success
"ChatGPT Image Jul 2, 2026, 01_57_20 PM.png",000201.jpg,Success
"ChatGPT Image Jul 2, 2026, 01_57_42 PM.png",000202.jpg,Success
"ChatGPT Image Jul 2, 2026, 01_57_58 PM.png",000203.jpg,Success
"ChatGPT Image Jul 2, 2026, 01_59_10 PM.png",000204.jpg,Success
"ChatGPT Image Jul 2, 2026, 01_59_43 PM.png",000205.jpg,Success
"ChatGPT Image Jul 2, 2026, 01_59_56 PM.png",000206.jpg,Success
"ChatGPT Image Jul 2, 2026, 02_01_45 PM (1).png",000207.jpg,Success
"ChatGPT Image Jul 2, 2026, 02_01_45 PM (2).png",000208.jpg,Success
"ChatGPT Image Jul 2, 2026, 02_02_17 PM.png",000209.jpg,Success
"ChatGPT Image Jul 2, 2026, 02_02_43 PM.png",000210.jpg,Success
"ChatGPT Image Jul 2, 2026, 02_03_32 PM.png",000211.jpg,Success
"ChatGPT Image Jul 2, 2026, 02_03_54 PM.png",000212.jpg,Success
"ChatGPT Image Jul 2, 2026, 02_04_11 PM.png",000213.jpg,Success
"ChatGPT Image Jul 2, 2026, 02_04_33 PM.png",000214.jpg,Success
"ChatGPT Image Jul 2, 2026, 02_04_49 PM.png",000215.jpg,Success
"ChatGPT Image Jul 2, 2026, 02_05_41 PM.png",000216.jpg,Success
"ChatGPT Image Jul 2, 2026, 02_06_02 PM.png",000217.jpg,Success
"ChatGPT Image Jul 2, 2026, 02_06_18 PM.png",000218.jpg,Success
"ChatGPT Image Jul 2, 2026, 02_06_26 PM.png",000219.jpg,Success
"ChatGPT Image Jul 2, 2026, 02_06_42 PM.png",000220.jpg,Success
"ChatGPT Image Jul 2, 2026, 02_06_54 PM.png",000221.jpg,Success
"ChatGPT Image Jul 2, 2026, 02_07_31 PM.png",000222.jpg,Success
"ChatGPT Image Jul 2, 2026, 02_07_46 PM.png",000223.jpg,Success
"ChatGPT Image Jul 2, 2026, 02_08_11 PM.png",000224.jpg,Success
"ChatGPT Image Jul 2, 2026, 02_08_36 PM.png",000225.jpg,Success
"ChatGPT Image Jul 2, 2026, 04_59_49 PM.png",000226.jpg,Success
"ChatGPT Image Jul 2, 2026, 05_00_03 PM.png",000227.jpg,Success
"ChatGPT Image Jul 2, 2026, 05_00_10 PM.png",000228.jpg,Success
"ChatGPT Image Jul 2, 2026, 05_01_23 PM.png",000229.jpg,Success
"ChatGPT Image Jul 2, 2026, 05_01_37 PM.png",000230.jpg,Success
"ChatGPT Image Jul 2, 2026, 05_01_58 PM.png",000231.jpg,Success
"ChatGPT Image Jul 2, 2026, 05_03_58 PM.png",000232.jpg,Success
"ChatGPT Image Jul 2, 2026, 05_04_02 PM.png",000233.jpg,Success
"ChatGPT Image Jul 2, 2026, 05_04_04 PM.png",000234.jpg,Success
"ChatGPT Image Jul 2, 2026, 05_04_07 PM.png",000235.jpg,Success
"ChatGPT Image Jul 2, 2026, 05_05_48 PM.png",000236.jpg,Success
"ChatGPT Image Jul 2, 2026, 05_06_24 PM.png",000237.jpg,Success
"ChatGPT Image Jul 2, 2026, 05_07_08 PM.png",000238.jpg,Success
"ChatGPT Image Jul 2, 2026, 05_07_13 PM.png",000239.jpg,Success
"ChatGPT Image Jul 2, 2026, 05_07_30 PM.png",000240.jpg,Success
"ChatGPT Image Jul 2, 2026, 05_09_00 PM.png",000241.jpg,Success
"ChatGPT Image Jul 2, 2026, 05_09_16 PM.png",000242.jpg,Success
"ChatGPT Image Jul 2, 2026, 05_09_22 PM.png",000243.jpg,Success
"ChatGPT Image Jul 2, 2026, 05_11_21 PM.png",000244.jpg,Success
"ChatGPT Image Jul 2, 2026, 05_11_28 PM.png",000245.jpg,Success
"ChatGPT Image Jul 2, 2026, 05_11_33 PM.png",000246.jpg,Success
"ChatGPT Image Jul 2, 2026, 05_11_38 PM.png",000247.jpg,Success
"ChatGPT Image Jul 2, 2026, 05_11_41 PM.png",000248.jpg,Success
"ChatGPT Image Jul 2, 2026, 05_25_37 PM.png",000249.jpg,Success
"ChatGPT Image Jul 2, 2026, 05_25_41 PM.png",000250.jpg,Success
"ChatGPT Image Jul 2, 2026, 05_25_44 PM.png",000251.jpg,Success
"ChatGPT Image Jul 2, 2026, 05_27_47 PM.png",000252.jpg,Success
"ChatGPT Image Jul 2, 2026, 05_27_49 PM.png",000253.jpg,Success
"ChatGPT Image Jul 2, 2026, 05_27_53 PM.png",000254.jpg,Success
"ChatGPT Image Jul 2, 2026, 05_30_00 PM.png",000255.jpg,Success
"ChatGPT Image Jul 2, 2026, 05_30_03 PM.png",000256.jpg,Success
"ChatGPT Image Jul 2, 2026, 05_30_08 PM.png",000257.jpg,Success
"ChatGPT Image Jul 2, 2026, 05_42_05 PM.png",000258.jpg,Success
"ChatGPT Image Jul 2, 2026, 05_42_08 PM.png",000259.jpg,Success
"ChatGPT Image Jul 2, 2026, 05_42_10 PM.png",000260.jpg,Success
"ChatGPT Image Jul 2, 2026, 05_59_23 PM.png",000261.jpg,Success
"ChatGPT Image Jul 2, 2026, 05_59_38 PM.png",000262.jpg,Success
"ChatGPT Image Jul 2, 2026, 05_59_45 PM.png",000263.jpg,Success
"ChatGPT Image Jul 2, 2026, 06_01_10 PM.png",000264.jpg,Success
"ChatGPT Image Jul 2, 2026, 06_01_16 PM.png",000265.jpg,Success
"ChatGPT Image Jul 2, 2026, 06_01_21 PM.png",000266.jpg,Success
"ChatGPT Image Jul 2, 2026, 06_03_48 PM.png",000267.jpg,Success
"ChatGPT Image Jul 2, 2026, 06_04_00 PM.png",000268.jpg,Success
"ChatGPT Image Jul 2, 2026, 06_04_02 PM.png",000269.jpg,Success
"ChatGPT Image Jul 2, 2026, 06_04_04 PM.png",000270.jpg,Success
"ChatGPT Image Jul 2, 2026, 06_07_02 PM.png",000271.jpg,Success
"ChatGPT Image Jul 2, 2026, 06_07_06 PM.png",000272.jpg,Success
"ChatGPT Image Jul 2, 2026, 06_07_11 PM.png",000273.jpg,Success
"ChatGPT Image Jul 2, 2026, 06_07_16 PM.png",000274.jpg,Success
"ChatGPT Image Jul 2, 2026, 06_09_01 PM.png",000275.jpg,Success
"ChatGPT Image Jul 2, 2026, 06_10_23 PM.png",000276.jpg,Success
"ChatGPT Image Jul 2, 2026, 06_10_30 PM.png",000277.jpg,Success
"ChatGPT Image Jul 2, 2026, 06_10_33 PM.png",000278.jpg,Success
"ChatGPT Image Jul 2, 2026, 06_11_56 PM.png",000279.jpg,Success
"ChatGPT Image Jul 2, 2026, 06_12_12 PM.png",000280.jpg,Success
"ChatGPT Image Jul 2, 2026, 06_12_17 PM.png",000281.jpg,Success
"ChatGPT Image Jul 2, 2026, 06_13_57 PM.png",000282.jpg,Success
"ChatGPT Image Jul 2, 2026, 06_14_14 PM.png",000283.jpg,Success
"ChatGPT Image Jul 2, 2026, 06_14_28 PM.png",000284.jpg,Success
"ChatGPT Image Jul 2, 2026, 06_15_00 PM.png",000285.jpg,Success
"ChatGPT Image Jul 2, 2026, 06_16_07 PM.png",000286.jpg,Success
"ChatGPT Image Jul 2, 2026, 06_16_22 PM.png",000287.jpg,Success
"ChatGPT Image Jul 2, 2026, 06_17_35 PM.png",000288.jpg,Success
"ChatGPT Image Jul 2, 2026, 06_18_27 PM.png",000289.jpg,Success
"ChatGPT Image Jul 2, 2026, 06_18_37 PM.png",000290.jpg,Success
"ChatGPT Image Jul 2, 2026, 06_19_25 PM.png",000291.jpg,Success
"ChatGPT Image Jul 2, 2026, 06_20_13 PM.png",000292.jpg,Success
"ChatGPT Image Jul 2, 2026, 06_22_58 PM.png",000293.jpg,Success
"ChatGPT Image Jul 2, 2026, 06_23_01 PM.png",000294.jpg,Success
"ChatGPT Image Jul 2, 2026, 06_23_03 PM.png",000295.jpg,Success
"ChatGPT Image Jul 2, 2026, 06_23_05 PM.png",000296.jpg,Success
"ChatGPT Image Jul 2, 2026, 06_28_46 PM.png",000297.jpg,Success
"ChatGPT Image Jul 2, 2026, 06_28_52 PM.png",000298.jpg,Success
"ChatGPT Image Jul 2, 2026, 06_28_59 PM.png",000299.jpg,Success
"ChatGPT Image Jul 2, 2026, 06_29_01 PM.png",000300.jpg,Success
"ChatGPT Image Jul 2, 2026, 06_30_31 PM.png",000301.jpg,Success
"ChatGPT Image Jul 2, 2026, 06_31_03 PM.png",000302.jpg,Success
"ChatGPT Image Jul 2, 2026, 06_31_10 PM.png",000303.jpg,Success
"ChatGPT Image Jul 2, 2026, 06_35_11 PM.png",000304.jpg,Success
"ChatGPT Image Jul 2, 2026, 06_35_14 PM.png",000305.jpg,Success
"ChatGPT Image Jul 2, 2026, 06_35_19 PM.png",000306.jpg,Success
"ChatGPT Image Jul 2, 2026, 10_03_30 PM.png",000307.jpg,Success
"ChatGPT Image Jul 2, 2026, 10_03_34 PM.png",000308.jpg,Success
"ChatGPT Image Jul 2, 2026, 10_05_10 PM.png",000309.jpg,Success
"ChatGPT Image Jul 2, 2026, 10_08_01 PM.png",000310.jpg,Success
"ChatGPT Image Jul 2, 2026, 10_10_36 PM.png",000311.jpg,Success
"ChatGPT Image Jul 2, 2026, 12_18_15 AM.png",000312.jpg,Success
"ChatGPT Image Jul 4, 2026, 06_52_45 PM.png",000313.jpg,Success
"ChatGPT Image Jul 4, 2026, 06_52_55 PM.png",000314.jpg,Success
"ChatGPT Image Jul 4, 2026, 06_53_01 PM.png",000315.jpg,Success
"ChatGPT Image Jul 4, 2026, 06_54_00 PM.png",000316.jpg,Success
"ChatGPT Image Jul 4, 2026, 06_57_11 PM.png",000317.jpg,Success
"ChatGPT Image Jul 4, 2026, 06_57_15 PM.png",000318.jpg,Success
"ChatGPT Image Jul 4, 2026, 06_57_20 PM.png",000319.jpg,Success
"ChatGPT Image Jul 4, 2026, 07_05_38 PM.png",000320.jpg,Success
"ChatGPT Image Jul 4, 2026, 07_07_39 PM.png",000321.jpg,Success
"ChatGPT Image Jul 4, 2026, 07_08_28 PM.png",000322.jpg,Success
"ChatGPT Image Jul 4, 2026, 07_09_02 PM.png",000323.jpg,Success
"ChatGPT Image Jul 4, 2026, 07_10_26 PM.png",000324.jpg,Success
"ChatGPT Image Jul 4, 2026, 07_12_45 PM.png",000325.jpg,Success
"ChatGPT Image Jul 4, 2026, 07_13_17 PM.png",000326.jpg,Success
"ChatGPT Image Jul 4, 2026, 07_14_10 PM.png",000327.jpg,Success
"ChatGPT Image Jul 4, 2026, 07_15_02 PM.png",000328.jpg,Success
"ChatGPT Image Jul 4, 2026, 07_17_02 PM (1).png",000329.jpg,Success
"ChatGPT Image Jul 4, 2026, 07_17_02 PM (2).png",000330.jpg,Success
"ChatGPT Image Jul 4, 2026, 07_17_47 PM.png",000331.jpg,Success
"ChatGPT Image Jul 4, 2026, 07_18_04 PM.png",000332.jpg,Success
"ChatGPT Image Jul 4, 2026, 07_19_48 PM.png",000333.jpg,Success
"ChatGPT Image Jul 4, 2026, 07_20_34 PM.png",000334.jpg,Success
"ChatGPT Image Jul 4, 2026, 07_21_03 PM.png",000335.jpg,Success
"ChatGPT Image Jul 4, 2026, 07_21_59 PM.png",000336.jpg,Success
"ChatGPT Image Jul 4, 2026, 07_22_46 PM.png",000337.jpg,Success
"ChatGPT Image Jul 4, 2026, 07_24_17 PM.png",000338.jpg,Success
"ChatGPT Image Jul 4, 2026, 07_25_15 PM.png",000339.jpg,Success
"ChatGPT Image Jul 4, 2026, 07_26_44 PM.png",000340.jpg,Success
"ChatGPT Image Jul 4, 2026, 07_26_49 PM.png",000341.jpg,Success
"ChatGPT Image Jul 4, 2026, 07_27_56 PM.png",000342.jpg,Success
"ChatGPT Image Jul 4, 2026, 07_29_51 PM.png",000343.jpg,Success
"ChatGPT Image Jul 4, 2026, 07_30_44 PM.png",000344.jpg,Success
"ChatGPT Image Jul 4, 2026, 07_32_42 PM.png",000345.jpg,Success
"ChatGPT Image Jul 4, 2026, 07_33_07 PM.png",000346.jpg,Success
"ChatGPT Image Jul 4, 2026, 07_35_13 PM.png",000347.jpg,Success
"ChatGPT Image Jul 4, 2026, 07_36_39 PM.png",000348.jpg,Success
"ChatGPT Image Jul 4, 2026, 07_36_57 PM.png",000349.jpg,Success
"ChatGPT Image Jul 4, 2026, 07_38_35 PM.png",000350.jpg,Success
"ChatGPT Image Jul 4, 2026, 07_40_31 PM.png",000351.jpg,Success
"ChatGPT Image Jul 4, 2026, 07_41_59 PM.png",000352.jpg,Success
"ChatGPT Image Jul 4, 2026, 07_42_33 PM.png",000353.jpg,Success
"ChatGPT Image Jul 4, 2026, 07_43_18 PM.png",000354.jpg,Success
"ChatGPT Image Jul 4, 2026, 07_45_19 PM.png",000355.jpg,Success
"ChatGPT Image Jul 4, 2026, 07_46_23 PM.png",000356.jpg,Success
"ChatGPT Image Jul 4, 2026, 07_48_01 PM.png",000357.jpg,Success
"ChatGPT Image Jul 4, 2026, 07_48_57 PM.png",000358.jpg,Success
"ChatGPT Image Jul 4, 2026, 07_49_15 PM.png",000359.jpg,Success
"ChatGPT Image Jul 4, 2026, 07_50_21 PM.png",000360.jpg,Success
"ChatGPT Image Jul 4, 2026, 07_51_01 PM.png",000361.jpg,Success
"ChatGPT Image Jul 4, 2026, 07_52_52 PM.png",000362.jpg,Success
"ChatGPT Image Jul 4, 2026, 07_53_12 PM.png",000363.jpg,Success
"ChatGPT Image Jul 4, 2026, 07_55_34 PM.png",000364.jpg,Success
"ChatGPT Image Jul 4, 2026, 07_56_00 PM.png",000365.jpg,Success
"ChatGPT Image Jul 4, 2026, 07_58_06 PM.png",000366.jpg,Success
"ChatGPT Image Jul 4, 2026, 07_58_19 PM.png",000367.jpg,Success
"ChatGPT Image Jul 4, 2026, 08_00_04 PM.png",000368.jpg,Success
"ChatGPT Image Jul 4, 2026, 08_00_56 PM.png",000369.jpg,Success
"ChatGPT Image Jul 4, 2026, 08_01_05 PM.png",000370.jpg,Success
"ChatGPT Image Jul 4, 2026, 08_03_49 PM.png",000371.jpg,Success
"ChatGPT Image Jul 4, 2026, 08_03_57 PM.png",000372.jpg,Success
"ChatGPT Image Jul 4, 2026, 08_07_01 PM.png",000373.jpg,Success
"ChatGPT Image Jul 4, 2026, 08_08_06 PM.png",000374.jpg,Success
"ChatGPT Image Jul 4, 2026, 08_09_52 PM.png",000375.jpg,Success
"ChatGPT Image Jul 4, 2026, 08_11_07 PM.png",000376.jpg,Success
"ChatGPT Image Jul 4, 2026, 08_11_30 PM.png",000377.jpg,Success
"ChatGPT Image Jul 4, 2026, 08_12_34 PM.png",000378.jpg,Success
"ChatGPT Image Jul 4, 2026, 08_14_19 PM.png",000379.jpg,Success
"ChatGPT Image Jul 4, 2026, 08_15_47 PM.png",000380.jpg,Success
"ChatGPT Image Jul 4, 2026, 08_15_56 PM.png",000381.jpg,Success
"ChatGPT Image Jul 4, 2026, 08_17_32 PM.png",000382.jpg,Success
"ChatGPT Image Jul 4, 2026, 08_17_40 PM.png",000383.jpg,Success
"ChatGPT Image Jul 4, 2026, 08_18_01 PM.png",000384.jpg,Success
"ChatGPT Image Jul 4, 2026, 08_19_44 PM.png",000385.jpg,Success
"ChatGPT Image Jul 4, 2026, 08_19_48 PM.png",000386.jpg,Success
"ChatGPT Image Jun 15, 2026, 10_56_37 PM.png",000387.jpg,Success
"ChatGPT Image Jun 15, 2026, 10_56_39 PM.png",000388.jpg,Success
"ChatGPT Image Jun 15, 2026, 10_56_41 PM.png",000389.jpg,Success
"ChatGPT Image Jun 15, 2026, 10_56_43 PM.png",000390.jpg,Success
"ChatGPT Image Jun 15, 2026, 10_56_45 PM.png",000391.jpg,Success
"ChatGPT Image Jun 15, 2026, 11_02_17 PM.png",000392.jpg,Success
"ChatGPT Image Jun 15, 2026, 11_05_59 PM.png",000393.jpg,Success
"ChatGPT Image Jun 15, 2026, 11_06_04 PM.png",000394.jpg,Success
"ChatGPT Image Jun 15, 2026, 11_06_09 PM.png",000395.jpg,Success
"ChatGPT Image Jun 15, 2026, 11_08_43 PM (1).png",000396.jpg,Success
"ChatGPT Image Jun 15, 2026, 11_10_40 PM.png",000397.jpg,Success
"ChatGPT Image Jun 15, 2026, 11_10_52 PM.png",000398.jpg,Success
"ChatGPT Image Jun 15, 2026, 11_11_31 PM.png",000399.jpg,Success
"ChatGPT Image Jun 15, 2026, 11_11_35 PM.png",000400.jpg,Success
"ChatGPT Image Jun 15, 2026, 11_11_49 PM.png",000401.jpg,Success
"ChatGPT Image Jun 15, 2026, 11_12_14 PM.png",000402.jpg,Success
"ChatGPT Image Jun 15, 2026, 11_14_36 PM.png",000403.jpg,Success
"ChatGPT Image Jun 15, 2026, 11_19_19 PM.png",000404.jpg,Success
"ChatGPT Image Jun 15, 2026, 11_22_41 PM.png",000405.jpg,Success
"ChatGPT Image Jun 15, 2026, 11_25_12 PM.png",000406.jpg,Success
"ChatGPT Image Jun 15, 2026, 11_27_02 PM.png",000407.jpg,Success
"ChatGPT Image Jun 15, 2026, 11_28_43 PM.png",000408.jpg,Success
"ChatGPT Image Jun 15, 2026, 11_29_33 PM.png",000409.jpg,Success
"ChatGPT Image Jun 15, 2026, 11_29_38 PM.png",000410.jpg,Success
"ChatGPT Image Jun 15, 2026, 11_31_21 PM.png",000411.jpg,Success
"ChatGPT Image Jun 15, 2026, 11_31_31 PM.png",000412.jpg,Success
"ChatGPT Image Jun 15, 2026, 11_33_30 PM.png",000413.jpg,Success
"ChatGPT Image Jun 15, 2026, 11_33_37 PM.png",000414.jpg,Success
"ChatGPT Image Jun 15, 2026, 11_34_15 PM.png",000415.jpg,Success
"ChatGPT Image Jun 15, 2026, 11_35_02 PM.png",000416.jpg,Success
"ChatGPT Image Jun 15, 2026, 11_38_38 PM.png",000417.jpg,Success
"ChatGPT Image Jun 15, 2026, 11_39_37 PM.png",000418.jpg,Success
"ChatGPT Image Jun 15, 2026, 11_40_01 PM.png",000419.jpg,Success
"ChatGPT Image Jun 15, 2026, 11_41_54 PM.png",000420.jpg,Success
"ChatGPT Image Jun 15, 2026, 11_42_28 PM.png",000421.jpg,Success
"ChatGPT Image Jun 15, 2026, 11_43_09 PM.png",000422.jpg,Success
"ChatGPT Image Jun 15, 2026, 11_44_44 PM.png",000423.jpg,Success
"ChatGPT Image Jun 15, 2026, 11_47_06 PM.png",000424.jpg,Success
"ChatGPT Image Jun 15, 2026, 11_47_55 PM.png",000425.jpg,Success
"ChatGPT Image Jun 15, 2026, 11_48_37 PM.png",000426.jpg,Success
"ChatGPT Image Jun 15, 2026, 11_49_36 PM.png",000427.jpg,Success
"ChatGPT Image Jun 15, 2026, 11_50_01 PM.png",000428.jpg,Success
"ChatGPT Image Jun 15, 2026, 11_50_43 PM.png",000429.jpg,Success
"ChatGPT Image Jun 15, 2026, 11_53_10 PM.png",000430.jpg,Success
"ChatGPT Image Jun 15, 2026, 11_54_22 PM.png",000431.jpg,Success
"ChatGPT Image Jun 15, 2026, 11_55_55 PM.png",000432.jpg,Success
"ChatGPT Image Jun 15, 2026, 11_56_58 PM.png",000433.jpg,Success
"ChatGPT Image Jun 15, 2026, 11_57_04 PM.png",000434.jpg,Success
"ChatGPT Image Jun 15, 2026, 11_58_58 PM.png",000435.jpg,Success
"ChatGPT Image Jun 15, 2026, 11_59_19 PM.png",000436.jpg,Success
"ChatGPT Image Jun 16, 2026, 01_01_26 AM.png",000437.jpg,Success
"ChatGPT Image Jun 16, 2026, 01_01_29 AM.png",000438.jpg,Success
"ChatGPT Image Jun 16, 2026, 04_11_19 PM.png",000439.jpg,Success
"ChatGPT Image Jun 16, 2026, 04_21_02 PM.png",000440.jpg,Success
"ChatGPT Image Jun 16, 2026, 04_32_26 PM.png",000441.jpg,Success
"ChatGPT Image Jun 16, 2026, 12_00_37 AM.png",000442.jpg,Success
"ChatGPT Image Jun 16, 2026, 12_01_22 AM.png",000443.jpg,Success
"ChatGPT Image Jun 16, 2026, 12_02_32 AM.png",000444.jpg,Success
"ChatGPT Image Jun 16, 2026, 12_03_56 AM.png",000445.jpg,Success
"ChatGPT Image Jun 16, 2026, 12_04_07 AM.png",000446.jpg,Success
"ChatGPT Image Jun 16, 2026, 12_05_23 AM.png",000447.jpg,Success
"ChatGPT Image Jun 16, 2026, 12_06_46 AM.png",000448.jpg,Success
"ChatGPT Image Jun 16, 2026, 12_07_51 AM.png",000449.jpg,Success
"ChatGPT Image Jun 16, 2026, 12_10_35 AM.png",000450.jpg,Success
"ChatGPT Image Jun 16, 2026, 12_12_49 AM.png",000451.jpg,Success
"ChatGPT Image Jun 16, 2026, 12_26_08 AM.png",000452.jpg,Success
"ChatGPT Image Jun 16, 2026, 12_27_18 AM.png",000453.jpg,Success
"ChatGPT Image Jun 16, 2026, 12_28_22 AM.png",000454.jpg,Success
"ChatGPT Image Jun 16, 2026, 12_29_10 AM.png",000455.jpg,Success
"ChatGPT Image Jun 16, 2026, 12_29_36 AM.png",000456.jpg,Success
"ChatGPT Image Jun 16, 2026, 12_33_14 AM.png",000457.jpg,Success
"ChatGPT Image Jun 16, 2026, 12_34_51 AM.png",000458.jpg,Success
"ChatGPT Image Jun 16, 2026, 12_37_07 AM.png",000459.jpg,Success
"ChatGPT Image Jun 16, 2026, 12_40_33 AM.png",000460.jpg,Success
"ChatGPT Image Jun 16, 2026, 12_45_28 AM.png",000461.jpg,Success
"ChatGPT Image Jun 16, 2026, 12_53_56 AM.png",000462.jpg,Success
"ChatGPT Image Jun 16, 2026, 12_55_07 AM.png",000463.jpg,Success
"ChatGPT Image Jun 16, 2026, 12_56_14 AM.png",000464.jpg,Success
"ChatGPT Image Jun 16, 2026, 12_56_22 AM.png",000465.jpg,Success
"ChatGPT Image Jun 17, 2026, 11_18_11 PM.png",000466.jpg,Success
d0bc0cae-16fd-4072-8c6a-f24270af096c.png,000467.jpg,Success
d0facf0d-5002-4c9e-bf88-a05b2f2bc77b.png,000468.jpg,Success
d2f9bcde-6afa-454a-9d97-413028229ab9.png,000469.jpg,Success
d53c6904-c663-48f2-b22f-3d9d1e57186b.png,000470.jpg,Success
d5ae13c8-15ca-4695-83f9-c4307c206522.png,000471.jpg,Success
d676a038-9f10-42a3-81ab-5ffff673f2c1.png,000472.jpg,Success
d8a47157-b6ec-4c60-bae7-9664cfe97864.png,000473.jpg,Success
de284f0f-195c-4cc7-a04f-087d856b3356.png,000474.jpg,Success
dfb5f5bc-c6ca-41d1-a02f-abd47604ead9.png,000475.jpg,Success
e16d2fd3-1641-42bd-86a1-33e878aaed49.png,000476.jpg,Success
e2b5b0d8-241a-48e4-a2bd-138c1c38f313.png,000477.jpg,Success
e46f57e6-18d0-4a39-9319-d2fcc0e59c17.png,000478.jpg,Success
e5f2786e-5230-48c2-8ff3-b5d98da797fd.png,000479.jpg,Success
e8c52825-2c07-40c3-bf7e-47e2be0f9e9e.png,000480.jpg,Success
e9ff3b67-aaef-4f06-9f42-dd89f806a814.png,000481.jpg,Success
ea40b321-efdf-4d56-8094-1beb3c96ecbe.png,000482.jpg,Success
ec52321a-13ea-4a23-9093-49085c247d51.png,000483.jpg,Success
eea580dc-c9d2-41dc-b8e2-a1bb1da8237c.png,000484.jpg,Success
f0fd9b4c-0573-4dde-99c5-875f2f2d4653.png,000485.jpg,Success
f14d8fca-567f-488e-a336-f944af17af95.png,000486.jpg,Success
f1959962-5103-4c47-b19f-ad590a2d1b49.png,000487.jpg,Success
f264869d-363d-45bc-9bbe-e012039c6065.png,000488.jpg,Success
f2a71c2f-5c2a-402b-94ac-ea52f25bb504.png,000489.jpg,Success
f341c7e8-1b7c-49f4-97eb-9f87aa31d659.png,000490.jpg,Success
f67cd684-b8aa-415f-9963-6f24961b6d8e.png,000491.jpg,Success
f877ace2-46cb-4f73-8424-baf522ae254f.png,000492.jpg,Success
fa696a55-e249-4e6b-b1a2-f8e97a557b05.png,000493.jpg,Success
fb92d9af-7374-4565-85e2-78227dd23d91.png,000494.jpg,Success
fc41a6a2-8010-4b1f-9c13-b6df73c3c564.png,000495.jpg,Success
file_000000001bac720c910b5e9e98b2413b.png,000496.jpg,Success
file_0000000036e471f5b273d5e3e15f697e.png,000497.jpg,Success
file_000000003cb4722fb547168dfd62b4e5.png,000498.jpg,Success
file_0000000042a8720898ef23667fc8a776.png,000499.jpg,Success
file_00000000479c71f5ab087cc2d516dea4.png,000500.jpg,Success
file_000000005cb47208a0ef1c3f6ffb429b.png,000501.jpg,Success
file_0000000066d0720893ed7ad32c4aff5c.png,000502.jpg,Success
file_00000000725472078f6b83777296824c.png,000503.jpg,Success
file_000000007298722fb670baa66f7dcc9c.png,000504.jpg,Success
file_00000000772472098af3027555667f50~2.png,000505.jpg,Success
file_00000000772472098af3027555667f50~3.png,000506.jpg,Success
file_00000000772472098af3027555667f50~4.png,000507.jpg,Success
file_00000000772472098af3027555667f50~5.png,000508.jpg,Success
file_00000000772472098af3027555667f50~6.png,000509.jpg,Success
file_00000000772472098af3027555667f50~7.png,000510.jpg,Success
file_00000000772472098af3027555667f50~8.png,000511.jpg,Success
file_00000000772472098af3027555667f50~9.png,000512.jpg,Success
file_000000007fd071f59d3d9a4821ec29a1.png,000513.jpg,Success
file_00000000893872088c74052cc616f14a.png,000514.jpg,Success
file_00000000920c720ca043f0f10c746f3c.png,000515.jpg,Success
file_0000000092ac72089a57463f6bf2c227.png,000516.jpg,Success
file_00000000936c7208bc00bbefefd0f8c2.png,000517.jpg,Success
file_000000009654720c908a6edc8161a8be.png,000518.jpg,Success
file_00000000a0d4722f81c770d37dca6e3c.png,000519.jpg,Success
file_00000000b188720cabb189134b9896d6.png,000520.jpg,Success
file_00000000b4f871f5a3cf67385ea7a1bb.png,000521.jpg,Success
file_00000000be707208bfec05775ee6c078.png,000522.jpg,Success
file_00000000c0b8720c88a7c1bcc49e42a8.png,000523.jpg,Success
file_00000000c9cc7208aae16acb96bb517e.png,000524.jpg,Success
file_00000000d058720890f61709cb6f817c.png,000525.jpg,Success
file_00000000d1707208b96931c6ab84bdf1.png,000526.jpg,Success
file_00000000d224720cabe6a8aaba3cb6ba.png,000527.jpg,Success
file_00000000dab871f5a9a5a200794de49b.png,000528.jpg,Success
file_00000000ddd8722f842701377cc29541.png,000529.jpg,Success
file_00000000e084722f96cfba7962a20ad1.png,000530.jpg,Success
file_00000000f4e4720caaaebb974dbab4da.png,000531.jpg,Success
file_00000000f90c72088e8fe7647251e6c5.png,000532.jpg,Success
file_00000000ffc4720c9fe518675468d989.png,000533.jpg,Success
"Jun 15, 2026, 11_36_10 PM.png",000534.jpg,Success
"Jun 15, 2026, 11_36_11 PM.png",000535.jpg,Success
"Jun 15, 2026, 11_43_54 PM.png",000536.jpg,Success
"Jun 15, 2026, 11_43_57 PM.png",000537.jpg,Success
